Subject,Chromosome,Location,Gene,Uniprot ID,Old AA,New AA,PDB,Q-SiteFinder
3,chr1,154555733,ADAR,H0YCK3,A,T,,
3,chr11,308290,IFITM2,Q01629,T,C,,
3,chr11,308314,IFITM2,Q01629,T,C,,
3,chr11,308363,IFITM2,Q01629,G,C,,
3,chr11,308426,IFITM2,Q01629,G,C,,
3,chr11,309127,IFITM2,Q01629,A,G,,
3,chr11,320772,IFITM3,Q01629,A,G,,
3,chr11,12285090,MICAL2,F5H8E8,C,T,,
3,chr14,35870798,NFKBIA,G3V3I4,C,T,,
3,chr16,3072045,TNFRSF12A,  Q9NP84,T,C,,
3,chr2,187544865,ITGAV,P06756,C,T,3IJE,
3,chr2,191874667,STAT1,P42224,A,G,1YVL,
3,chr3,170114234,SKIL,P12757,T,C,,
3,chr9,33026572,DNAJA1,P31689,T,C,2LO1,yes
3,chr9,74360096,TMEM2,Q9UHN6,C,T,,
3,chr9,74360209,TMEM2,Q9UHN6,G,C,,
3,chrX,147031538,FMR1,Q06787,C,T,,
2,chr1,35650428,SFPQ,P23246,C,T,,
2,chr10,91098709,IFIT3,O14879,C,A,,
2,chr10,115490109,CASP7,P55210,G,A,,
2,chr11,320836,IFITM3,Q01629,C,T,,
2,chr12,113388618,OAS3,Q9Y6K5,G,A,,
2,chr14,35873770,NFKBIA,P25963,G,A,,
2,chr14,75936466,JDP2,Q8WYK2,C,T,,
2,chr14,103602657,TNFAIP2,Q03169,C,T,,
2,chr15,39887649,THBS1,P07996,C,T,,
2,chr2,152132130,NMI,Q13287,A,G,,
2,chr2,152132130,NMI,Q13287,A,G,,
2,chr2,187543374,ITGAV,P06756,C,T,,
2,chr2,163124051,IFIH1,Q9BYX4,C,T,,
2,chr2,163128824,IFIH1,Q9BYX4,T,C,,
2,chr2,191854379,STAT1,P42224,C,T,,
2,chr3,146262344,PLSCR1,O15162,C,T,,
2,chr3,187088612,RTP4,Q96DX8,C,T,,
2,chr4,88902692,SPP1,P10451,T,C,,
2,chr4,88903853,SPP1,P10451,C,T,,
2,chr4,88903853,SPP1,P10451,C,T,,
2,chr5,57754851,PLK2,Q9NYY3,A,G,,
2,chr6,19837774,ID4,P47928,C,T,,
2,chr6,19840342,ID4,P47928,A,G,,
2,chr6,29523957,UBD,O15205,A,G,,
2,chr9,32500832,DDX58,O95786,C,T,,
2,chr9,33039024,DNAJA1,P31689,T,A,,
2,chr9,74332970,TMEM2,Q9UHN6,G,A,,
2,chr9,100847551,TRIM14,Q14142,G,T,,
2,chr9,100848808,TRIM14,Q14142,C,T,,
2,chr6,170110418,SKIL,P12757,,,,
2,chr3,170110418,SKIL,P12757,,,,